"samples","procrMean","procrSD","tau1Mean","tau1SD","tau2Mean","tau2SD","spMean","spSD"
"3",0.870092311840919,0.0585743472333726,0.898081342525787,0.022109145343417,0.30874886430442,0.213719824167205,115.323232323232,2.7694701579326
"2",0.843440511588381,0.0569591830350586,0.815135481802148,0.0363269598242161,0.269734380845492,0.172918052405001,106.292929292929,2.70016071045715
"1",0.787736885740902,0.0512369974224574,0.700817700817701,0.0512830101337804,0.247020469242691,0.141748340382077,90.1919191919192,3.87213163799668
