"samples","procrMean","procrSD","procrMin","procrMax","tau1Mean","tau1SD","tau1Min","tau1Max","tau2Mean","tau2SD","tau2Min","tau2Max","spMean","spSD","spMin","spMax"
"3",0.870092311840919,0.0585743472333726,0.78575753444568,0.988775921687736,0.898081342525787,0.022109145343417,0.846560846560847,0.947089947089947,0.30874886430442,0.213719824167205,0.00529100529100529,0.82010582010582,115.323232323232,2.7694701579326,108,120
"2",0.843440511588381,0.0569591830350586,0.746414595785165,0.966501883817228,0.815135481802148,0.0363269598242161,0.71957671957672,0.883597883597884,0.269734380845492,0.172918052405001,0,0.677248677248677,106.292929292929,2.70016071045715,100,114
"1",0.787736885740902,0.0512369974224574,0.691936182922677,0.913456834404487,0.700817700817701,0.0512830101337804,0.566137566137566,0.841269841269841,0.247020469242691,0.141748340382077,0.00529100529100529,0.529100529100529,90.1919191919192,3.87213163799668,79,98
