"samples","procrMean","procrSD","procrMin","procrMax","tau1Mean","tau1SD","tau1Min","tau1Max","tau2Mean","tau2SD","tau2Min","tau2Max","spMean","spSD","spMin","spMax"
"3",0.870588852117142,0.0546406002433341,0.790653118190286,0.989054608977282,0.900272566939234,0.0226803174557837,0.830687830687831,0.947089947089947,0.31532253754476,0.207496305220298,0.00529100529100529,0.746031746031746,115.151515151515,2.4551638058475,109,120
"2",0.841739504271927,0.0513949184403593,0.739749218978006,0.960300179957143,0.825450269894714,0.0412860001029285,0.714285714285714,0.925925925925926,0.268558601891935,0.165705516974027,0.0158730158730159,0.656084656084656,105.868686868687,3.46894815748457,97,115
"1",0.785547657217088,0.0563266964711771,0.658272878421026,0.907180165900802,0.70290203623537,0.0601814972040712,0.555555555555556,0.814814814814815,0.239965795521351,0.151147604166997,0,0.587301587301587,90.4242424242424,3.52568102870084,83,99
