"samples","procrMean","procrSD","procrMin","procrMax","tau1Mean","tau1SD","tau1Min","tau1Max","tau2Mean","tau2SD","tau2Min","tau2Max","spMean","spSD","spMin","spMax"
"3",0.868244031741319,0.0554709032436329,0.785433879537157,0.986161359238544,0.891133557800224,0.0242828206466025,0.830687830687831,0.941798941798942,0.313558869114425,0.200499889548823,0.0105820105820106,0.751322751322751,115.131313131313,2.83436083082511,106,121
"2",0.841967427775202,0.0589000149139221,0.74254414425032,0.963250059310401,0.815135481802148,0.0389968339671797,0.724867724867725,0.91005291005291,0.258083480305702,0.158576313083402,0.0158730158730159,0.650793650793651,105.89898989899,3.02538562053801,96,114
"1",0.78422531241155,0.0529592891231803,0.65095773888815,0.914019014939123,0.698305809416921,0.056658998167421,0.55026455026455,0.80952380952381,0.227727005504783,0.137773466798959,0.0158730158730159,0.566137566137566,90.2828282828283,3.60849452480095,80,99
