"n","totSpMean","TotSpSD","TotSpMin","TotSpMax","spSiteAvg","spSiteSd","spSiteMax","spSiteMin"
1,115.373737373737,2.27491133976536,110,121,37.3928571428571,6.86665220556889,55,23
2,106.40404040404,3.06367523695553,100,114,31.9321789321789,6.4328205282913,49,18
3,90.2929292929293,3.479539393786,85,100,23.3755411255411,5.16554046155351,38,11
